{"train_samples_per_second":629.948,"train_steps_per_second":19.686,"train/epoch":1.6463022508038585,"_timestamp":1.7575481082106578e+09,"eval/samples_per_second":194.603,"_runtime":966,"_step":160,"train/global_step":1536,"eval/steps_per_second":12.197,"train/loss":4.6334,"eval/runtime":21.8085,"_wandb":{"runtime":966},"train_loss":5.115453999489546,"train/grad_norm":0,"eval/precision":0.2222247367577165,"total_flos":8.522939169964032e+15,"train_runtime":947.8881,"eval/accuracy":0.25494816211121585,"eval/loss":2.5535788536071777,"train/learning_rate":0.007344480171489818,"eval/f1":0.11083651542342815,"eval/recall":0.25494816211121585}